direction,total,baseline_wins,rps_wins,ties,rps_win_rate
v3,2000,684,1301,15,0.6554156171284635
v4,2000,669,1319,12,0.6634808853118712
v5,2000,688,1299,13,0.653749370910921
v6,2000,674,1313,13,0.6607951685958732
v7,2000,703,1286,11,0.6465560583207642
v8,2000,683,1311,6,0.6574724172517553
v9,2000,721,1267,12,0.6373239436619719
v10,2000,712,1284,4,0.6432865731462926
